Category,Component/Element,Type,Status,Function,,
Layout,RibbonBar,Component,Implemented,Main toolbar container managing tabs and tools,,
Layout,Canvas,Component,Implemented,Renders PDF pages and handles interactions,,
Layout,Sidebar,Component,Implemented,Side panel for thumbnails and navigation,,
Layout,DocumentTabs,Component,Implemented,Manages multiple open document sessions,,
File Menu,Open,Button,Implemented,Opens local PDF file,,
File Menu,Save,Button,Implemented,Saves current document with changes,,
File Menu,Save As,Button,Implemented,Saves current document as a new file,,
File Menu,Print,Button,Implemented,Opens print dialog for current document,,
File Menu,Export,Button,Implemented,Exports PDF to various formats (Word, Excel, etc.)
File Menu,Close,Button,Implemented,Closes the current document,,
File Menu,Download Log,Button,Implemented,Downloads application logs,,
Icon Bar,Open File,Button,Implemented,Quick access to open file,,
Icon Bar,Save,Button,Implemented,Quick access to save file,,
Icon Bar,Add,Button,Implemented,adds new page/content (triggers edit mode),,
Icon Bar,Remove,Button,Implemented,Removes current page,,
Icon Bar,Refresh,Button,Implemented,Reloads the application/document,,
Icon Bar,Print,Button,Implemented,Quick access to print,,
Icon Bar,Zoom In,Button,Implemented,Increases view magnification,,
Icon Bar,Zoom Out,Button,Implemented,Decreases view magnification,,
Ribbon Tabs,Home,Tab,Implemented,Switch to Home tools,,
Ribbon Tabs,Comment,Tab,Implemented,Switch to Comment/Annotation tools,,
Ribbon Tabs,Edit,Tab,Implemented,Switch to Edit tools,,
Ribbon Tabs,Convert,Tab,Implemented,Switch to Conversion tools,,
Ribbon Tabs,Page,Tab,Implemented,Switch to Page manipulation tools,,
Ribbon Tabs,Merge,Tab,Implemented,Switch to Merge tools,,
Ribbon Tabs,Protect,Tab,Implemented,Switch to Security tools,,
Ribbon Tabs,Tools,Tab,Implemented,Switch to Utility tools,,
Home Tab,Hand Tool,Button,Implemented,Enables panning,,
Home Tab,Select Tool,Button,Implemented,Selects objects/annotations,,
Home Tab,Highlight,Button,Implemented,Highlights text,,
Home Tab,Add Text,Button,Implemented,Adds new text to page,,
Home Tab,OCR,Button,Implemented,Optical Character Recognition,,
Home Tab,Edit Image,Button,Not in Home Tab,Edit Image is located in 'Edit' Tab,,
Home Tab,Edit All,Button,Implemented,Enables general edit mode,,
Comment Tab,Highlight,Button,Implemented,Highlights text,,
Comment Tab,Underline,Button,Implemented,Underlines text,,
Comment Tab,Strikeout,Button,Implemented,Strikes out text,,
Comment Tab,Sticky Note,Button,Implemented,Adds sticky note annotation,,
Comment Tab,Pen,Button,Implemented,Freehand drawing tool,,
Comment Tab,Shapes,Button,Implemented,Adds shapes (Rect, Circle, etc.)
Edit Tab,Crop,Button,Implemented,Crops page margins,,
Edit Tab,Rotate,Button,Implemented,Rotates page 90 degrees,,
Edit Tab,Delete Pages,Button,Implemented,Deletes specific pages,,
Edit Tab,Reorder,Button,Implemented,Reorders pages,,
Convert Tab,To Word,Button,Implemented,Converts PDF to Word,,
Convert Tab,To Excel,Button,Implemented,Converts PDF to Excel,,
Convert Tab,To PowerPoint,Button,Implemented,Converts PDF to PowerPoint,,
Convert Tab,To Image,Button,Implemented,Converts PDF to Image,,
Convert Tab,To Text,Button,Implemented,Extracts text,,
Tools Tab,Compress,Button,Implemented,Compresses PDF file size,,
Tools Tab,Split,Button,Implemented,Splits PDF into multiple files,,
Tools Tab,Watermark,Button,Implemented,Adds watermark to pages,,
